Name,Title,Body
Leanne Graham,sunt aut facere repellat provident occaecati excepturi optio reprehenderit,laudantium enim quasi est quidem magnam voluptate ipsam eos tempora quo necessitatibus dolor quam autem quasi reiciendis et nam sapiente accusantium
Ervin Howell,qui est esse,est natus enim nihil est dolore omnis voluptatem numquam et omnis occaecati quod ullam at voluptatem error expedita pariatur nihil sint nostrum voluptatem reiciendis et
Clementine Bauch,ea molestias quasi exercitationem repellat qui ipsa sit aut,quia molestiae reprehenderit quasi aspernatur aut expedita occaecati aliquam eveniet laudantium omnis quibusdam delectus saepe quia accusamus maiores nam est cum et ducimus et vero voluptates excepturi deleniti ratione
Patricia Lebsack,eum et est occaecati,non et atque occaecati deserunt quas accusantium unde odit nobis qui voluptatem quia voluptas consequuntur itaque dolor et qui rerum deleniti ut occaecati
Chelsey Dietrich,nesciunt quas odio,harum non quasi et ratione tempore iure ex voluptates in ratione harum architecto fugit inventore cupiditate voluptates magni quo et
Mrs. Dennis Schulist,dolorem eum magni eos aperiam quia,doloribus at sed quis culpa deserunt consectetur qui praesentium accusamus fugiat dicta voluptatem rerum ut voluptate autem voluptatem repellendus aspernatur dolorem in
Kurtis Weissnat,magnam facilis autem,maiores sed dolores similique labore et inventore et quasi temporibus esse sunt id et eos voluptatem aliquam aliquid ratione corporis molestiae mollitia quia et magnam dolor
Nicholas Runolfsdottir V,dolorem dolore est ipsam,ut voluptatem corrupti velit ad voluptatem maiores et nisi velit vero accusamus maiores voluptates quia aliquid ullam eaque
Glenna Reichert,nesciunt iure omnis dolorem tempora et accusantium,sapiente assumenda molestiae atque adipisci laborum distinctio aperiam et ab ut omnis et occaecati aspernatur odit sit rem expedita quas enim ipsam minus
Clementina DuBuque,optio molestias id quia eum,voluptate iusto quis nobis reprehenderit ipsum amet nulla quia quas dolores velit et non aut quia necessitatibus nostrum quaerat nulla et accusamus nisi facilis
N/A,et ea vero quia laudantium autem,ut dolorum nostrum id quia aut est fuga est inventore vel eligendi explicabo quis consectetur aut occaecati repellat id natus quo est ut blanditiis quia ut vel ut maiores ea
N/A,in quibusdam tempore odit est dolorem,expedita maiores dignissimos facilis ipsum est rem est fugit velit sequi eum odio dolores dolor totam occaecati ratione eius rem velit
N/A,dolorum ut in voluptas mollitia et saepe quo animi,fuga eos qui dolor rerum inventore corporis exercitationem corporis cupiditate et deserunt recusandae est sed quis culpa eum maiores corporis et
N/A,voluptatem eligendi optio,vel quae voluptas qui exercitationem voluptatibus unde sed minima et qui ipsam aspernatur expedita magnam laudantium et et quaerat ut qui dolorum
N/A,eveniet quod temporibus,nihil ut voluptates blanditiis autem odio dicta rerum quisquam saepe et est sunt quasi nemo laudantium deserunt molestias tempora quo quia
N/A,sint suscipit perspiciatis velit dolorum rerum ipsa laboriosam odio,iste ut laborum aliquid velit facere itaque quo ut soluta dicta voluptate error tempore aut et sequi reiciendis dignissimos expedita consequuntur libero sed fugiat facilis
N/A,fugit voluptas sed molestias voluptatem provident,consequatur necessitatibus totam sed sit dolorum recusandae quae odio excepturi voluptatum harum voluptas quisquam sit ad eveniet delectus doloribus odio qui non labore
N/A,voluptate et itaque vero tempora molestiae,veritatis voluptates necessitatibus maiores corrupti neque et exercitationem amet sit et ullam velit sit magnam laborum magni ut molestias
N/A,adipisci placeat illum aut reiciendis qui,doloribus est illo sed minima aperiam ut dignissimos accusantium tempore atque et aut molestiae magni ut accusamus voluptatem quos ut voluptates quisquam porro sed architecto ut
N/A,doloribus ad provident suscipit at,qui harum consequatur fugiat et eligendi perferendis at molestiae commodi ducimus doloremque asperiores numquam qui ut sit dignissimos reprehenderit tempore
N/A,asperiores ea ipsam voluptatibus modi minima quia sint,deleniti aut sed molestias explicabo commodi odio ratione nesciunt voluptate doloremque est nam autem error delectus
N/A,dolor sint quo a velit explicabo quia nam,qui ipsa animi nostrum praesentium voluptatibus odit qui non impedit cum qui nostrum aliquid fuga explicabo voluptatem fugit earum voluptas exercitationem temporibus dignissimos distinctio esse inventore reprehenderit quidem ut incidunt nihil necessitatibus rerum
N/A,maxime id vitae nihil numquam,voluptates provident repellendus iusto perspiciatis ex fugiat ut ut dolor nam aliquid et expedita voluptate sunt vitae illo rerum in quos vel eligendi enim quae fugiat est
N/A,autem hic labore sunt dolores incidunt,repudiandae repellat quia sequi est dolore explicabo nihil et et sit et et praesentium iste atque asperiores tenetur
N/A,rem alias distinctio quo quis,sunt aut quae laboriosam sit ut impedit adipisci harum laborum totam deleniti voluptas odit rem ea non iure distinctio ut velit doloribus et non ex
N/A,est et quae odit qui non,incidunt sapiente eaque dolor eos ad est molestias quas sit et nihil exercitationem at cumque ullam nihil magnam et
N/A,quasi id et eos tenetur aut quo autem,nisi vel quas ut laborum ratione rerum magni eum unde et voluptatem saepe voluptas corporis modi amet ipsam eos saepe porro
N/A,delectus ullam et corporis nulla voluptas sequi,voluptatem repellendus quo alias at laudantium mollitia quidem esse temporibus consequuntur vitae rerum illum id corporis sit id
N/A,iusto eius quod necessitatibus culpa ea,tempora voluptatem est magnam distinctio autem est dolorem et ipsa molestiae odit rerum itaque corporis nihil nam eaque rerum error
N/A,a quo magni similique perferendis,consequuntur quia voluptate assumenda et autem voluptatem reiciendis ipsum animi est provident earum aperiam sapiente ad vitae iste accusantium aperiam eius qui dolore voluptatem et
N/A,ullam ut quidem id aut vel consequuntur,quia incidunt ut aliquid est ut rerum deleniti iure est ipsum quia ea sint et voluptatem quaerat eaque repudiandae eveniet aut
N/A,doloremque illum aliquid sunt,nihil ea itaque libero illo officiis quo quo dicta inventore consequatur voluptas voluptatem corporis sed necessitatibus velit tempore rerum velit et temporibus
N/A,qui explicabo molestiae dolorem,fugit harum quae vero libero unde tempore soluta eaque culpa sequi quibusdam nulla id et et necessitatibus
N/A,magnam ut rerum iure,omnis temporibus quasi ab omnis facilis et omnis illum quae quasi aut minus iure ex rem ut reprehenderit in non fugit
N/A,id nihil consequatur molestias animi provident,dolor mollitia quidem facere et vel est ut ut repudiandae est quidem dolorem sed atque rem quia aut adipisci sunt
N/A,fuga nam accusamus voluptas reiciendis itaque,aut vero est dolor non aut excepturi dignissimos illo nisi aut quas aut magni quia nostrum provident magnam quas modi maxime voluptatem et molestiae
N/A,provident vel ut sit ratione est,qui rem amet aut cumque maiores earum ut quia sit nam esse qui iusto aspernatur quis voluptas dolorem distinctio ex temporibus rem
N/A,explicabo et eos deleniti nostrum ab id repellendus,unde voluptatem qui dicta vel ad aut eos error consequatur voluptatem adipisci doloribus qui est sit aut velit aut et ea ratione eveniet iure fuga
N/A,eos dolorem iste accusantium est eaque quam,atque consequatur dolorem sunt adipisci autem et voluptatibus et quae necessitatibus rerum eaque aperiam nostrum nemo eligendi sed et beatae et inventore
N/A,enim quo cumque,quod minus alias quos perferendis labore molestias quae ut ut corporis deserunt vitae et quaerat ut et ullam unde asperiores cum voluptatem cumque
N/A,non est facere,facere repudiandae vitae ea aut sed quo ut et facere nihil ut voluptates in saepe cupiditate accusantium numquam dolores inventore sint mollitia provident
N/A,commodi ullam sint et excepturi error explicabo praesentium voluptas,aut culpa quaerat veritatis eos debitis aut repellat eius explicabo et officiis quo sint at magni ratione et iure incidunt quo sequi quia dolorum beatae qui
N/A,eligendi iste nostrum consequuntur adipisci praesentium sit beatae perferendis,voluptatem ut possimus laborum quae ut commodi delectus in et consequatur in voluptas beatae molestiae est rerum laborum et et velit sint ipsum dolorem
N/A,optio dolor molestias sit,qui sunt commodi sint vel optio vitae quis qui non distinctio id quasi modi dicta eos nihil sit inventore est numquam officiis
N/A,ut numquam possimus omnis eius suscipit laudantium iure,ipsum odio harum voluptatem sunt cumque et dolores nihil laboriosam neque commodi qui est quos numquam voluptatum corporis quo in vitae similique cumque tempore
N/A,aut quo modi neque nostrum ducimus,exercitationem et id quae cum omnis voluptatibus accusantium et quidem ut ipsam sint doloremque illo ex atque necessitatibus sed
N/A,quibusdam cumque rem aut deserunt,occaecati laudantium ratione non cumque earum quod non enim soluta nisi velit similique voluptatibus esse laudantium consequatur voluptatem rem eaque voluptatem aut ut et sit quam
N/A,ut voluptatem illum ea doloribus itaque eos,illum et alias quidem magni voluptatum ab soluta ea qui saepe corrupti hic et cum repellat esse est sint vel veritatis officia consequuntur cum
N/A,laborum non sunt aut ut assumenda perspiciatis voluptas,id est iure occaecati quam similique enim ab repudiandae non illum expedita quam excepturi soluta qui placeat perspiciatis optio maiores non doloremque aut iusto sapiente
N/A,repellendus qui recusandae incidunt voluptates tenetur qui omnis exercitationem,eum accusamus aut delectus architecto blanditiis quia sunt rerum harum sit quos quia aspernatur vel corrupti inventore animi dicta vel corporis
N/A,soluta aliquam aperiam consequatur illo quis voluptas,perferendis omnis esse voluptate sit mollitia sed perferendis nemo nostrum qui vel quis nisi doloribus animi odio id quas
N/A,qui enim et consequuntur quia animi quis voluptate quibusdam,et enim voluptatem totam laudantium impedit nam labore repellendus enim earum aut consectetur mollitia fugit qui repellat expedita sunt aut fugiat vel illo quos aspernatur ducimus
N/A,ut quo aut ducimus alias,a at tempore molestiae odit qui dolores molestias dolorem et laboriosam repudiandae placeat quisquam autem aperiam consectetur maiores laboriosam nostrum
N/A,sit asperiores ipsam eveniet odio non quia,et ipsa rem ullam cum pariatur similique quia cum ipsam est sed aut inventore provident sequi commodi enim inventore assumenda aut aut tempora possimus soluta quia consequatur modi illo
N/A,sit vel voluptatem et non libero,perferendis eaque labore laudantium ut molestiae soluta et vero odio non corrupti error pariatur consectetur et enim nam quia voluptatum non mollitia culpa facere voluptas suscipit veniam
N/A,qui et at rerum necessitatibus,cum esse odio nihil reiciendis illum quaerat est facere quia occaecati sit totam fugiat in beatae ut occaecati unde vitae nihil quidem consequatur
N/A,sed ab est est,dolorem facere itaque fuga odit autem perferendis quisquam quis corrupti eius dicta repudiandae error esse itaque aut corrupti sint consequatur aliquid
N/A,voluptatum itaque dolores nisi et quasi,veritatis qui nihil quia reprehenderit non ullam ea iusto consectetur nam voluptas ut temporibus tempore provident error eos et nisi et voluptate
N/A,qui commodi dolor at maiores et quis id accusantium,cumque molestiae officia aut fugiat nemo autem vero alias atque sed qui ratione quia repellat vel earum ea laudantium mollitia
N/A,consequatur placeat omnis quisquam quia reprehenderit fugit veritatis facere,error eum quia voluptates alias repudiandae accusantium veritatis maiores assumenda quod impedit animi tempore veritatis animi et et officiis labore impedit blanditiis repudiandae
N/A,voluptatem doloribus consectetur est ut ducimus,deserunt cumque laudantium et et odit quia sint quia quidem quibusdam debitis fuga in tempora deleniti impedit consequatur veniam reiciendis autem porro minima
N/A,beatae enim quia vel,tempore dolorum corrupti facilis praesentium sunt iste recusandae unde quisquam similique alias consequuntur voluptates velit
N/A,voluptas blanditiis repellendus animi ducimus error sapiente et suscipit,aut eligendi et molestiae voluptatum tempora officia nihil sit voluptatem aut deleniti quaerat consequatur eaque sapiente tempore commodi tenetur rerum qui quo
N/A,et fugit quas eum in in aperiam quod,sed illum quis ut aut culpa labore aspernatur illo dolorem quia vitae ut aut quo repellendus est omnis esse at est debitis
N/A,consequatur id enim sunt et et,qui debitis vitae ratione tempora impedit aperiam porro molestiae placeat vero laboriosam recusandae praesentium consequatur facere et itaque quidem eveniet magnam natus distinctio sapiente
N/A,repudiandae ea animi iusto,necessitatibus libero occaecati vero inventore iste assumenda veritatis asperiores non sit et quia omnis facere nemo explicabo odit quo nobis porro
N/A,aliquid eos sed fuga est maxime repellendus,nulla quo itaque beatae ad officiis animi aut exercitationem voluptatum dolorem doloremque ducimus in recusandae officia consequuntur quas aspernatur dolores est esse dolores sit illo laboriosam quaerat
N/A,odio quis facere architecto reiciendis optio,sed magni accusantium numquam quidem omnis et voluptatem beatae quos fugit libero vel ipsa et nihil recusandae ea iste nemo qui optio sit enim ut nostrum odit
N/A,fugiat quod pariatur odit minima,omnis dolor autem qui est natus autem animi nemo voluptatum aut natus accusantium iure inventore sunt ea tenetur commodi suscipit facere architecto consequatur dolorem nihil veritatis consequuntur corporis
N/A,voluptatem laborum magni,omnis aliquam praesentium ad voluptatem harum aperiam dolor autem hic asperiores quisquam ipsa necessitatibus suscipit praesentium rem deserunt et facere repellendus aut sed fugit qui est
N/A,et iusto veniam et illum aut fuga,mollitia magnam et ipsum consequatur est expedita aut rem ut ex doloremque est vitae est cumque velit recusandae numquam libero dolor fuga fugit a
N/A,sint hic doloribus consequatur eos non id,quisquam voluptas ut pariatur eos amet non reprehenderit voluptates numquam in est voluptatem dicta ipsa qui esse enim
N/A,consequuntur deleniti eos quia temporibus ab aliquid at,nam qui possimus deserunt inventore dignissimos nihil rerum ut consequatur vel architecto tenetur recusandae voluptate numquam dignissimos aliquid ut reprehenderit voluptatibus
N/A,enim unde ratione doloribus quas enim ut sit sapiente,non accusamus eum aut et est accusantium animi nesciunt distinctio ea quas quisquam sit ut voluptatem modi natus sint facilis est qui molestias recusandae nemo
N/A,dignissimos eum dolor ut enim et delectus in,natus numquam enim asperiores doloremque ullam et est molestias doloribus cupiditate labore vitae aut voluptatem itaque quos quo consectetur nihil illum veniam nostrum voluptatum repudiandae ut
N/A,doloremque officiis ad et non perferendis,sunt qui consequatur similique recusandae repellendus voluptates eos et vero nostrum fugit magnam aliquam reprehenderit nobis voluptatem eos consectetur possimus et perferendis qui ea fugiat sit doloremque
N/A,necessitatibus quasi exercitationem odio,eos ullam dolorem impedit labore mollitia rerum non dolores molestiae dignissimos qui maxime sed voluptate consequatur doloremque praesentium magnam odio iste quae totam aut
N/A,quam voluptatibus rerum veritatis,qui adipisci eveniet excepturi iusto magni et enim ducimus asperiores blanditiis nemo commodi nihil ex enim rerum vel nobis nostrum et non
N/A,pariatur consequatur quia magnam autem omnis non amet,et inventore sapiente sed sunt similique fugiat officia velit doloremque illo eligendi quas sed rerum in quidem perferendis facere molestias dolore dolor voluptas nam vel quia
N/A,labore in ex et explicabo corporis aut quas,dignissimos itaque ab et tempore odio omnis voluptatem itaque perferendis rem repellendus tenetur nesciunt velit qui cupiditate recusandae quis debitis dolores aliquam nam
N/A,tempora rem veritatis voluptas quo dolores vero,illum et voluptatem quis repellendus quidem repellat reprehenderit voluptas consequatur mollitia praesentium nisi quo quod et occaecati repellendus illo eius harum explicabo doloribus officia
N/A,laudantium voluptate suscipit sunt enim enim,officiis dolorem voluptas aliquid eveniet tempora qui ea temporibus labore accusamus sint ut sunt necessitatibus voluptatum animi cumque at reiciendis voluptatem iure aliquid et qui dolores et
N/A,odit et voluptates doloribus alias odio et,et consequatur voluptates magnam fugit sunt repellendus nihil earum officiis aut cupiditate et distinctio laboriosam molestiae sunt dolor explicabo recusandae
N/A,optio ipsam molestias necessitatibus occaecati facilis veritatis dolores aut,ratione ut magni voluptas explicabo natus quia consequatur nostrum aut omnis enim in qui illum aut atque laboriosam aliquid blanditiis quisquam et laborum
N/A,dolore veritatis porro provident adipisci blanditiis et sunt,quisquam incidunt dolores sint qui doloribus provident vel cupiditate deleniti alias voluptatem placeat ad ut dolorem illum unde iure quis libero neque ea et distinctio id
N/A,placeat quia et porro iste,eum culpa debitis sint eaque quia magni laudantium qui neque voluptas voluptatem qui molestiae vel earum est ratione excepturi sit aut explicabo et repudiandae ut perspiciatis
N/A,nostrum quis quasi placeat,assumenda corporis architecto repudiandae omnis qui et odit perferendis velit enim et quia reiciendis sint quia voluptas quam deserunt facilis harum eligendi
N/A,sapiente omnis fugit eos,laudantium corrupti atque exercitationem quae enim et veniam dicta autem perspiciatis sit dolores minima consectetur tenetur iste facere amet est neque
N/A,sint soluta et vel magnam aut ut sed qui,quibusdam rerum quia nostrum culpa culpa est natus impedit quo rem voluptate quos rerum culpa aut ut consectetur sunt esse laudantium voluptatibus cupiditate rerum
N/A,ad iusto omnis odit dolor voluptatibus,vitae cupiditate excepturi eum veniam laudantium aspernatur blanditiis aspernatur quia ut assumenda et magni enim magnam in voluptate tempora non qui voluptatem reprehenderit porro qui voluptatibus
N/A,aut amet sed,qui nisi at maxime deleniti quo ex quas tenetur nam deleniti aut asperiores deserunt cum ex eaque alias sit et veniam ab consequatur molestiae
N/A,ratione ex tenetur perferendis,nihil necessitatibus omnis asperiores nobis praesentium quia ab debitis quo deleniti aut sequi commodi ut perspiciatis quod est magnam aliquam modi eum quos aliquid ea est
N/A,beatae soluta recusandae,ut quis et id repellat labore nobis itaque quae saepe est ullam aut dolor id ut quis sunt iure voluptates expedita voluptas doloribus modi saepe autem
N/A,qui qui voluptates illo iste minima,reiciendis delectus nulla quae voluptas nihil provident quia ab corporis nesciunt blanditiis quibusdam et unde et magni eligendi aperiam corrupti perspiciatis quasi neque iure voluptatibus mollitia
N/A,id minus libero illum nam ad officiis,at ut tenetur rem ut fuga quis ea magnam alias aut tempore fugiat laboriosam porro quia iure qui architecto est enim
N/A,quaerat velit veniam amet cupiditate aut numquam ut sequi,eum itaque quam laboriosam sequi ullam quos nobis omnis dignissimos nam dolores facere id suscipit aliquid culpa rerum quis
N/A,quas fugiat ut perspiciatis vero provident,est ducimus voluptate saepe iusto repudiandae recusandae et sint fugit voluptas eum itaque odit ab eos voluptas molestiae necessitatibus earum possimus voluptatem quibusdam aut illo beatae qui delectus aut officia veritatis
N/A,laboriosam dolor voluptates,ex et expedita cum voluptatem voluptatem ab expedita quis nihil esse quo nihil perferendis dolores velit ut culpa aut dolor maxime necessitatibus voluptatem
N/A,temporibus sit alias delectus eligendi possimus magni,aut quam consequatur sit et repellat maiores laborum similique voluptatem necessitatibus nihil et debitis nemo occaecati cupiditate modi dolorum quia aut
N/A,at nam consequatur ea labore ea harum,architecto dolorem ab explicabo et provident et et eos illo omnis mollitia ex aliquam atque ut ipsum nulla nihil quis voluptas aut debitis facilis
N/A,N/A,ut aut maxime officia sed aliquam et magni autem veniam repudiandae nostrum odio enim eum optio aut omnis illo quasi quibusdam inventore explicabo reprehenderit dolor saepe possimus molestiae
N/A,N/A,aut dolorem quos ut non aliquam unde iure minima quod ullam qui fugiat molestiae tempora voluptate vel labore saepe animi et vitae numquam ipsa
N/A,N/A,totam eum fugiat repellendus quae beatae explicabo excepturi iusto et repellat alias iure voluptates consequatur sequi minus sed maxime unde
N/A,N/A,qui aperiam labore animi magnam odit est ut autem eaque ea magni quas voluptatem doloribus vel voluptatem nostrum ut debitis enim quaerat ut esse eveniet aut
N/A,N/A,ut rerum illum error at inventore ab nobis molestiae ipsa architecto temporibus non aliquam aspernatur omnis quidem aliquid consequatur non et expedita cumque voluptates ipsam quia blanditiis libero itaque sed iusto at
N/A,N/A,dolores debitis voluptatem ab hic magnam alias qui est sunt et porro velit et repellendus occaecati est sequi quia odio deleniti illum
N/A,N/A,eveniet fugit qui porro eaque dolores eos adipisci dolores ut fugit perferendis pariatur numquam et repellat occaecati atque ipsum neque
N/A,N/A,at a vel sequi nostrum harum nam nihil cumque aut in dolore rerum ipsa hic ratione rerum cum ratione provident labore ad quisquam repellendus a
N/A,N/A,aliquid qui dolorem deserunt aperiam natus corporis eligendi neque at et sunt aut qui illum repellat qui excepturi laborum facilis aut omnis consequatur et aut optio ipsa nisi enim
N/A,N/A,cum sequi in eligendi id eaque dolores accusamus dolorem eum est voluptatem quisquam tempore in voluptas enim voluptatem asperiores voluptatibus eius quo quos quasi voluptas earum ut necessitatibus
N/A,N/A,ullam autem et accusantium quod sequi similique soluta explicabo ipsa eius ratione quisquam sed et excepturi occaecati pariatur molestiae ut reiciendis eum voluptatem sed
N/A,N/A,ut tempora deleniti quo molestiae eveniet provident earum occaecati est nesciunt ut pariatur ipsa voluptas voluptatem aperiam qui deleniti quibusdam voluptas molestiae facilis id iusto similique tempora aut qui
N/A,N/A,voluptatem sint quia modi accusantium alias recusandae rerum voluptatem aut sit et ut magnam voluptas rerum odio quo labore voluptatem facere consequuntur ut sit voluptatum hic distinctio
N/A,N/A,nihil labore qui quis dolor eveniet iste numquam porro velit incidunt laboriosam asperiores aliquam facilis in et voluptas eveniet quasi
N/A,N/A,laudantium tempore aut maiores laborum fugit qui suscipit hic sint officiis corrupti officiis eum optio cumque fuga sed voluptatibus similique sit consequuntur rerum commodi
N/A,N/A,quia voluptas qui assumenda nesciunt harum iusto est corrupti aperiam ut aut unde maxime consequatur eligendi veniam modi id sint rem labore saepe minus
N/A,N/A,doloribus esse necessitatibus qui eos et ut est saepe sed rerum tempore est ut quisquam et eligendi accusantium commodi non doloribus
N/A,N/A,repudiandae aliquam maxime cupiditate consequatur id quas error repellendus totam officia dolorem beatae natus cum exercitationem asperiores dolor ea
N/A,N/A,et omnis consequatur ut in suscipit et voluptatem animi at ut dolores quos aut numquam esse praesentium aut placeat nam
N/A,N/A,iusto sint recusandae placeat atque perferendis sit corporis molestiae rem dolor eius id delectus et qui sed dolorem reiciendis error ullam corporis delectus explicabo mollitia odit laborum sed itaque deserunt rem dolorem
N/A,N/A,soluta mollitia impedit cumque nostrum tempore aut placeat repellat enim adipisci dolores aut ut ratione laboriosam necessitatibus vel et blanditiis est iste sapiente qui atque repellendus alias earum consequuntur quia quasi quia
N/A,N/A,doloribus veritatis a et quis corrupti incidunt est harum maiores impedit et beatae qui velit et aut porro sed dignissimos deserunt deleniti et eveniet voluptas ipsa pariatur rem ducimus
N/A,N/A,nostrum perspiciatis doloribus explicabo soluta id libero illo iste et ab expedita error aliquam eum sint ipsum modi possimus et
N/A,N/A,ut ut eius qui explicabo quis iste autem nulla beatae tenetur enim assumenda explicabo consequatur harum exercitationem velit itaque consectetur et possimus
N/A,N/A,aut voluptas dolore autem reprehenderit expedita et nihil pariatur ea animi quo ullam a ea officiis corporis eius voluptatum cum mollitia dolore quaerat accusamus
N/A,N/A,est qui ut tempore temporibus pariatur provident qui consequuntur laboriosam porro dignissimos quos debitis id laborum et totam aut eius sequi dolor maiores amet rerum voluptatibus quod ratione quos labore fuga sit
N/A,N/A,omnis consequatur dignissimos iure rerum odio culpa laudantium quia voluptas enim est nisi doloremque consequatur autem officiis necessitatibus beatae et et itaque animi dolor praesentium
N/A,N/A,exercitationem eius aut ullam vero impedit similique maiores ea et in culpa possimus omnis eos labore autem quam repellendus dolores deserunt voluptatem non ullam eos accusamus
N/A,N/A,fugit minima voluptatem est aut sed explicabo harum dolores at qui eaque magni velit ut et nam et ut sunt excepturi repellat non commodi
N/A,N/A,dicta sit culpa molestiae quasi at voluptate eos dolorem perferendis accusamus rerum expedita ipsum quis qui quos est deserunt rerum fuga qui aliquam in consequatur aspernatur
N/A,N/A,rem magnam at voluptatem aspernatur et et nostrum rerum dignissimos eum quibusdam optio quod dolores et
N/A,N/A,ullam harum consequatur est rerum est magni tenetur aperiam et repudiandae et reprehenderit dolorum enim voluptas impedit eligendi quis necessitatibus in exercitationem voluptatem qui
N/A,N/A,sunt quis iure molestias qui ipsa commodi dolore a odio qui debitis earum unde ut omnis doloremque corrupti at repellendus earum eum
N/A,N/A,corrupti perspiciatis eligendi et omnis tempora nobis dolores hic dolorum vitae odit reiciendis sunt odit qui
N/A,N/A,sapiente nostrum dolorem odit a sed animi non architecto doloremque unde nam aut aut ut facilis et ut autem fugit minima culpa inventore non
N/A,N/A,cum natus qui dolorem dolorum nihil ut nam tempore modi nesciunt ipsum hic rem sunt possimus earum magnam similique aspernatur sed totam sed voluptatem iusto id iste qui
N/A,N/A,reiciendis maiores id voluptas sapiente deserunt itaque ut omnis sunt necessitatibus quibusdam dolorem voluptatem harum error
N/A,N/A,dolorem suscipit adipisci ad cum totam quia fugiat vel quia dolores molestiae eos omnis officia quidem quaerat alias vel distinctio vero provident et corporis a quia ut
N/A,N/A,facilis cumque nostrum dignissimos doloremque saepe quia adipisci sunt dicta dolorum quo esse culpa iste ut asperiores cum aperiam
N/A,N/A,velit ipsa fugiat sit qui vel nesciunt sapiente repudiandae perferendis nemo eos quos perspiciatis aperiam doloremque incidunt nostrum temporibus corrupti repudiandae vitae non corporis cupiditate suscipit quod sed numquam excepturi enim labore
N/A,N/A,et ullam id eligendi rem sit occaecati et delectus in nemo aut veritatis deserunt aspernatur dolor enim voluptas quos consequatur molestiae temporibus error
N/A,N/A,cumque voluptas quo eligendi sit nemo ut ut dolor et cupiditate aut et voluptatem quia aut maiores quas accusantium expedita quia beatae aut ad quis soluta id dolorum
N/A,N/A,est quasi maiores nisi reiciendis enim dolores minus facilis laudantium dignissimos reiciendis et facere occaecati dolores et possimus et vel et aut ipsa ad
N/A,N/A,voluptatem unde consequatur natus nostrum vel ut consequatur sequi doloremque omnis dolorem maxime eaque sunt excepturi fuga qui illum et accusamus
N/A,N/A,assumenda nihil et sed nulla tempora porro iste possimus aut sit officia cumque totam quis tenetur qui sequi delectus aut sunt
N/A,N/A,possimus necessitatibus quis et dicta omnis voluptatem ea est suscipit eum soluta in quia corrupti hic iusto consequatur est aut qui earum nisi officiis sed culpa
N/A,N/A,nihil aspernatur consequatur voluptatem facere sed fugiat ullam beatae accusamus et fuga maxime vero omnis necessitatibus quisquam ipsum consectetur incidunt repellat voluptas error quo et ab magnam quisquam
N/A,N/A,nemo corporis quidem eius aut dolores itaque rerum quo occaecati mollitia incidunt autem est saepe nulla nobis a id dolore facilis placeat molestias in fugiat aliquam excepturi
N/A,N/A,veniam est distinctio nihil quia eos sed distinctio hic ut sint ducimus debitis dolorem voluptatum assumenda eveniet ea perspiciatis
N/A,N/A,est non atque eligendi aspernatur quidem earum mollitia minima neque nam exercitationem provident eum maxime quo et ut illum sequi aut fuga repudiandae sapiente sed ea distinctio molestias illum consequatur libero quidem
N/A,N/A,quos eos sint voluptatibus similique iusto perferendis omnis voluptas earum nulla cumque dolorem consequatur officiis quis consequatur aspernatur nihil ullam et enim enim unde nihil labore non ducimus
N/A,N/A,itaque veritatis explicabo quis voluptatem mollitia soluta id non doloribus nobis fuga provident nesciunt saepe molestiae praesentium laboriosam
N/A,N/A,et cumque error pariatur quo doloribus corrupti voluptates ad voluptatem consequatur voluptas dolores pariatur at quas iste repellat et sed quasi ea maiores rerum aut earum
N/A,N/A,quod magni consectetur quod doloremque velit autem ipsam nisi praesentium ut laboriosam quod deleniti pariatur aliquam sint excepturi a consectetur quas eos
N/A,N/A,animi asperiores modi et tenetur vel magni id iusto aliquid ad nihil dolorem dolorum aut veritatis voluptates omnis cupiditate incidunt
N/A,N/A,dolorum voluptas laboriosam quisquam ab totam beatae et aut aliquid optio assumenda voluptas velit itaque quidem voluptatem tempore cupiditate in itaque sit molestiae minus dolores magni
N/A,N/A,voluptas quia quo ad ipsum voluptatum provident ut ipsam velit dignissimos aut assumenda ut officia laudantium quibusdam sed minima
N/A,N/A,et qui ad vero quis quisquam omnis fuga et vel nihil minima eligendi nostrum sed deserunt rem voluptates autem quia blanditiis cum sed
N/A,N/A,deserunt deleniti officiis architecto consequatur molestiae facere dolor voluptatem velit eos fuga dolores sit quia est a deleniti hic dolor quisquam repudiandae voluptas numquam voluptatem impedit
N/A,N/A,non reprehenderit aut sed quos est ad voluptatum est ut est dignissimos ut dolores consequuntur debitis aspernatur consequatur est porro nulla laboriosam repellendus et nesciunt est libero placeat
N/A,N/A,sunt totam blanditiis eum quos fugit et ab rerum nemo ut iusto architecto ut et eligendi iure placeat omnis
N/A,N/A,nulla impedit porro in sed voluptatem qui voluptas et enim beatae nobis et sit ipsam aut voluptatem voluptatibus blanditiis officia quod eos omnis earum dolorem
N/A,N/A,molestiae dolorem quae rem neque sapiente voluptatum nesciunt cum id rerum at blanditiis est accusantium est eos illo porro ad quod repellendus ad et labore fugit dolorum
N/A,N/A,beatae aut ut autem sit officia rerum nostrum provident ratione sed dicta omnis alias commodi rerum expedita non nobis sapiente consectetur odit unde quia voluptas in nihil consequatur doloremque ullam dolorem cum
N/A,N/A,sed praesentium ducimus minima autem corporis debitis aperiam eum sit pariatur impedit placeat illo odio odit accusantium expedita quo rerum magnam
N/A,N/A,nam quas eaque unde dolor blanditiis cumque eaque omnis qui rerum modi sint quae numquam exercitationem atque aut praesentium ipsa sit neque qui sint aut
N/A,N/A,molestiae voluptatem qui id facere nostrum quasi asperiores rerum quisquam est repellendus deleniti eos aut sed nemo non
N/A,N/A,cupiditate optio in quidem adipisci sit dolor id et tenetur quo sit odit aperiam illum optio magnam qui molestiae eligendi harum optio dolores dolor quaerat nostrum
N/A,N/A,unde non aliquid magni accusantium architecto et rerum autem eos explicabo et odio facilis sed rerum ex esse beatae quia
N/A,N/A,amet id deserunt ipsam cupiditate distinctio nulla voluptatem cum possimus voluptate ipsum quidem laudantium quos nihil
N/A,N/A,sed non beatae placeat qui libero nam eaque qui quia ut ad doloremque sequi unde quidem adipisci debitis autem velit architecto aperiam eos nihil enim dolores veritatis omnis ex
N/A,N/A,nemo ullam omnis sit labore perferendis et eveniet nostrum dignissimos expedita iusto occaecati quia sit quibusdam
N/A,N/A,asperiores hic fugiat aut et temporibus mollitia quo quam cumque numquam labore qui illum vel provident quod pariatur natus incidunt sunt error voluptatibus vel voluptas maiores est vero possimus
N/A,N/A,sit dolores consequatur qui voluptas sunt earum at natus alias excepturi dolores maiores pariatur at reiciendis dolor esse optio
N/A,N/A,culpa non ea perspiciatis exercitationem sed natus sit enim voluptatum ratione omnis consequuntur provident commodi omnis quae odio sit at tempora
N/A,N/A,quam culpa fugiat rerum impedit ratione vel ipsam rem commodi qui rem eum itaque officiis omnis ad
N/A,N/A,ut facilis sapiente quia repellat autem et aut delectus sint autem nulla debitis omnis consequuntur neque
N/A,N/A,sit maxime fugit sequi culpa optio consequatur voluptatem dolor expedita enim iure eum reprehenderit doloremque aspernatur modi voluptatem culpa nostrum quod atque rerum sint laboriosam et
N/A,N/A,non saepe ipsa velit sunt totam ipsum optio voluptatem nesciunt qui iste eum et deleniti ullam
N/A,N/A,recusandae temporibus nihil non alias consequatur libero voluptatem sed soluta accusamus a qui reiciendis officiis ad quia laborum libero et rerum voluptas sed ut et
N/A,N/A,dolor iure corrupti et eligendi nesciunt voluptatum autem consequatur in sapiente dolor voluptas dolores natus iusto qui et in perferendis
N/A,N/A,voluptatum voluptatem nisi consequatur et omnis nobis odio neque ab enim veniam sit qui aperiam odit voluptatem facere nesciunt esse nemo
N/A,N/A,tempora soluta voluptas deserunt non fugiat similique est natus enim eum error magni soluta dolores sit doloremque
N/A,N/A,odio saepe ad error minima itaque omnis fuga corrupti qui eaque cupiditate eum vitae laborum rerum ut reprehenderit architecto sit debitis magnam qui corrupti cum quidem commodi facere corporis
N/A,N/A,deleniti non et corrupti delectus ea cupiditate at nihil fuga rerum temporibus doloribus unde sed alias ducimus perspiciatis quia debitis fuga
N/A,N/A,asperiores eaque error sunt ut natus et omnis expedita error iste vitae sit alias voluptas voluptatibus quia iusto quia ea enim facere est quam ex
N/A,N/A,et enim necessitatibus velit autem magni voluptas at maxime error sunt nobis sit dolor beatae harum rerum tenetur facere pariatur et perferendis voluptas maiores nihil eaque
N/A,N/A,quam magni adipisci totam ut reprehenderit ut tempore non asperiores repellendus architecto aperiam dignissimos est aut reiciendis consectetur voluptate nihil culpa at molestiae labore qui ea
N/A,N/A,nostrum excepturi debitis cum architecto iusto laudantium odit aut dolor voluptatem consectetur nulla mollitia beatae autem quasi nemo repellendus ut ea et aut architecto odio cum quod optio
N/A,N/A,laudantium vero similique eum iure iste culpa praesentium molestias doloremque alias et at doloribus aperiam natus est illo quo ratione porro excepturi
N/A,N/A,sit vero aut voluptatem soluta corrupti dolor cum nulla ipsa accusamus aut suscipit ut dicta ut nemo ut et ut sit voluptas modi illum suscipit ea debitis aut ullam harum
N/A,N/A,dolore velit autem perferendis hic tenetur quo rerum impedit error sit eaque ut ad in expedita et nesciunt sit aspernatur repudiandae
N/A,N/A,laudantium consequatur sed adipisci a odit quia necessitatibus qui numquam expedita est accusantium nostrum occaecati perspiciatis molestiae nostrum atque
N/A,N/A,aut distinctio iusto autem sit libero deleniti est soluta non perferendis illo eveniet corrupti est sint quae sed sunt voluptatem
N/A,N/A,culpa voluptas quidem eos quis excepturi quasi corporis provident enim provident velit ex occaecati deleniti id aspernatur fugiat eligendi
N/A,N/A,eum laborum quidem omnis facere harum ducimus dolores quaerat corporis quidem aliquid quod aut aut at dolorum aspernatur reiciendis exercitationem quasi consectetur asperiores vero blanditiis dolor
N/A,N/A,fugit ut laborum provident quos provident voluptatibus quam non sed accusantium explicabo dolore quia distinctio voluptatibus et consequatur eos qui iure minus eaque praesentium
N/A,N/A,est veritatis mollitia atque quas et sint et dolor et ut beatae aut magni corporis dolores voluptatibus optio molestiae enim minus est reiciendis facere voluptate rem officia doloribus ut
N/A,N/A,veniam eos ab voluptatem in fugiat ipsam quis officiis non qui quia ut id voluptates et a molestiae commodi quam dolorem enim soluta impedit autem nulla
N/A,N/A,facere maxime alias aspernatur ab quibusdam necessitatibus ratione similique error enim sed minus et et provident minima voluptatibus
N/A,N/A,est officiis placeat id et iusto ut fugit numquam eos aut voluptas ad quia tempore qui quibusdam doloremque recusandae tempora qui
N/A,N/A,sequi expedita quibusdam enim ipsam beatae ad eum placeat perspiciatis quis in nulla porro voluptas quia esse et quibusdam
N/A,N/A,eum voluptates id autem sequi qui omnis commodi veniam et laudantium aut et molestias esse asperiores et quaerat pariatur non officia voluptatibus
N/A,N/A,voluptatibus pariatur illo autem quia aut ullam laudantium quod laborum officia dicta sit consequatur quis delectus vel omnis laboriosam laborum vero ipsa voluptas
N/A,N/A,voluptatem accusamus delectus natus quasi aliquid porro ab id ea aut consequatur dignissimos quod et aspernatur sapiente cum corrupti pariatur veritatis unde
N/A,N/A,nam iusto minus expedita numquam et id quis voluptatibus minima porro facilis dolores beatae aut sit aut quia suscipit
N/A,N/A,nulla quos harum commodi aperiam qui et dignissimos reiciendis ut quia est corrupti itaque laboriosam debitis suscipit
N/A,N/A,enim aut doloremque mollitia provident molestiae omnis esse excepturi officiis tempora sequi molestiae veniam voluptatem recusandae omnis temporibus et deleniti laborum sed ipsa molestiae eum aut
N/A,N/A,officiis qui eos voluptas laborum error sunt repellat quis nisi unde velit delectus eum molestias tempora quia ut aut consequatur cupiditate quis sint in eum voluptates
N/A,N/A,praesentium odit quos et tempora eum voluptatem non non aut eaque consectetur reprehenderit in qui eos nam nemo ea eos ea nesciunt consequatur et
N/A,N/A,odio temporibus est ut a aut commodi minima tempora eum et fuga omnis alias deleniti facere totam unde impedit voluptas et possimus consequatur necessitatibus qui velit
N/A,N/A,aut vero sint ut et voluptate sunt quod velit impedit quia cupiditate dicta magni ut eos blanditiis assumenda pariatur nemo est tempore velit
N/A,N/A,at non dolore molestiae autem rerum id cum facilis sit necessitatibus accusamus quia officiis sint ea sit natus rerum est nemo perspiciatis ea
N/A,N/A,nam nesciunt earum sequi dolorum et fuga sint quae architecto in et et ipsam veniam ad voluptas rerum animi illum temporibus enim rerum est
N/A,N/A,esse ab est deleniti dicta non inventore veritatis cupiditate eligendi sequi excepturi assumenda a harum sint aut eaque rerum molestias id excepturi quidem aut
N/A,N/A,minima quaerat voluptatibus iusto earum quia nihil et minus deleniti aspernatur voluptatibus tempore sit molestias architecto velit id debitis
N/A,N/A,aperiam rerum aut provident cupiditate laboriosam enim placeat aut explicabo voluptatum similique rerum eaque eligendi nobis occaecati perspiciatis sint ullam
N/A,N/A,rem qui est facilis qui voluptatem quis est veniam quam aspernatur dicta dolore id sapiente saepe consequatur enim qui impedit culpa ex qui voluptas dolor
N/A,N/A,est et dolores voluptas aut molestiae nam eos saepe expedita eum ea tempore sit iure eveniet iusto enim quos quo repellendus laudantium eum fugiat aut et
N/A,N/A,illum ea eum quia doloremque modi ducimus voluptatum eaque aperiam accusamus eos quia sed rerum aperiam sunt quo ea veritatis natus eos deserunt voluptas ea voluptate
N/A,N/A,rerum possimus asperiores non dolores maiores tenetur ab suscipit laudantium possimus ab iure distinctio assumenda iste adipisci optio est sed eligendi temporibus perferendis tempore soluta
N/A,N/A,cum officiis impedit neque a sed dolorum accusamus eaque repellat natus aut commodi sint fugit consequatur corporis voluptatum dolorum sequi perspiciatis ut facilis delectus pariatur consequatur at aut temporibus facere vitae
N/A,N/A,maiores perspiciatis quo alias doloremque illum iusto possimus impedit velit voluptatem assumenda possimus ut nesciunt eum et deleniti molestias harum excepturi
N/A,N/A,perferendis quae est velit ipsa autem adipisci ex rerum voluptatem occaecati velit perferendis aut tenetur deleniti eaque quasi suscipit dolorum nobis vel et aut est eos
N/A,N/A,doloribus illum tempora aliquam qui perspiciatis dolorem ratione velit facere nobis et fugiat modi fugiat dolore at ducimus voluptate porro qui architecto optio unde deleniti
N/A,N/A,provident sed similique explicabo fugiat quasi saepe voluptatem corrupti recusandae voluptas repudiandae illum tenetur mollitia sint in enim earum est
N/A,N/A,est quo quod tempora fuga debitis eum nihil nemo nisi consequatur sequi nesciunt dolorum et cumque maxime qui consequatur mollitia dicta iusto aut vero recusandae ut dolorem provident voluptatibus suscipit sint
N/A,N/A,quibusdam dolores eveniet qui minima magni perspiciatis pariatur ullam dolor sit ex molestiae in nulla unde rerum quibusdam deleniti nisi
N/A,N/A,unde aliquam ipsam eaque quia laboriosam exercitationem totam illo non et dolore ipsa laborum et sapiente fugit voluptatem et debitis quia optio et minima et nostrum
N/A,N/A,neque ullam eos amet ratione architecto doloribus qui est nisi occaecati unde expedita perspiciatis animi tenetur minus eveniet aspernatur eius nihil adipisci aut
N/A,N/A,veritatis laudantium laboriosam ut maxime sed voluptate consequatur itaque occaecati voluptatum est ut itaque aperiam eligendi at vel minus dicta tempora nihil pariatur libero est
N/A,N/A,ullam modi consequatur officia dolor non explicabo et eum minus dicta dolores blanditiis dolore nobis assumenda harum velit ullam et cupiditate et commodi dolor harum et sed cum reprehenderit omnis
N/A,N/A,aperiam quo quis nobis error et culpa veritatis quae sapiente nobis architecto doloribus quia laboriosam est consequatur et recusandae est eius
N/A,N/A,itaque voluptatem voluptas velit non est rerum incidunt vitae aut labore accusantium in atque repudiandae quos necessitatibus autem ea excepturi
N/A,N/A,ea iusto laboriosam sit voluptatibus magni ratione eum et minus perferendis eius rerum suscipit velit culpa ipsa ipsam aperiam est
N/A,N/A,itaque error cupiditate asperiores ut aspernatur veniam qui doloribus sit aliquid pariatur dicta deleniti qui alias dignissimos recusandae eaque repellendus est et dolorem aut non explicabo voluptas est beatae vel temporibus
N/A,N/A,aut culpa quis modi libero hic dolore provident officiis placeat minima vero et iste dolores aut voluptatem saepe unde vero temporibus sunt corrupti voluptate
N/A,N/A,et nostrum cupiditate nobis facere et est illo consequatur harum voluptatem totam molestiae voluptas consequatur quibusdam aut modi impedit necessitatibus et nisi nesciunt adipisci
N/A,N/A,esse rem ut neque magni voluptatem id qui aut ut vel autem non qui quam sit impedit quis sit illum laborum aut at vel eos nihil quo
N/A,N/A,necessitatibus nulla perferendis ad inventore earum delectus vitae illo sed perferendis officiis quo eligendi voluptatem animi totam perspiciatis repellat quam eum placeat est tempore facere
N/A,N/A,quisquam asperiores voluptas modi tempore officia quod hic dolor omnis asperiores architecto aut vel odio quisquam sunt deserunt soluta illum
N/A,N/A,dolores minus sequi laudantium excepturi deserunt rerum voluptatem pariatur harum natus sed dolore quis consectetur quod inventore laboriosam et in dolor beatae rerum quia rerum qui recusandae quo officiis fugit
N/A,N/A,rem ut cumque tempore sed aperiam unde tenetur ab maiores officiis alias aut nemo veniam dolor est eum sunt a esse ratione deserunt et
N/A,N/A,est et itaque qui laboriosam dolor ut debitis cumque et et dolor eaque enim et architecto et quia reiciendis quis
N/A,N/A,vel nam nemo sed vitae repellat necessitatibus dolores deserunt dolorum minima quae velit et nemo sit expedita nihil consequatur autem quia maiores
N/A,N/A,quia est sed eos animi optio dolorum consequatur reiciendis exercitationem ipsum nihil omnis beatae sed corporis enim quisquam et blanditiis qui nihil
N/A,N/A,explicabo nam nihil atque sint aut qui qui rerum excepturi soluta quis et et mollitia et voluptate minima nihil sed quaerat dolor earum tempore et non est voluptatem
N/A,N/A,assumenda aut quis repellendus nihil impedit cupiditate nemo sit sequi laudantium aut voluptas nam dolore magnam minima aspernatur vero sapiente
N/A,N/A,non repudiandae dicta et commodi sint dolores facere eos nesciunt autem quia placeat quaerat non culpa quasi dolores voluptas dolorum placeat non atque libero odit autem sunt
N/A,N/A,doloremque quae ratione cumque excepturi eligendi delectus maiores necessitatibus veniam fugiat exercitationem consectetur vel earum quia illo explicabo molestiae enim rem deserunt et omnis
N/A,N/A,sit vero at voluptatem corporis adipisci error sit aut nihil rerum doloremque dolorum ipsum eum ut numquam sapiente ipsam nam blanditiis ut quasi facilis optio rerum qui temporibus esse excepturi eaque
N/A,N/A,exercitationem quisquam sed eius et cum reiciendis deleniti non perspiciatis aut voluptatum deserunt sint dignissimos est sed architecto sed
N/A,N/A,debitis dignissimos ut illum rerum voluptatem ut qui labore optio quaerat iure iste consequuntur praesentium vero blanditiis quibusdam aut
N/A,N/A,laboriosam voluptas aut quibusdam mollitia sunt non dolores illum fugiat ex vero nemo aperiam porro quam expedita est vel voluptatem sit voluptas consequuntur quis eligendi omnis id nisi ducimus sapiente odit quam
N/A,N/A,nihil esse aut debitis nostrum mollitia similique minus aspernatur possimus omnis eaque non eveniet rerum qui iure laboriosam
N/A,N/A,nemo deleniti sunt praesentium quis quam repellendus consequatur non est ex fugiat distinctio aliquam explicabo aspernatur omnis debitis sint consequatur quo autem natus veritatis
N/A,N/A,facere at voluptatem repellendus omnis perspiciatis placeat aspernatur nobis blanditiis ut deleniti quis non cumque laborum sit id ratione vel sequi facere doloremque beatae aut maxime non
N/A,N/A,aut cum sint qui facere blanditiis magnam consequuntur perspiciatis harum impedit reprehenderit iste doloribus quia quo facere et explicabo aut voluptate modi dolorem rem aut nobis ut ad voluptatum ipsum eos maxime
N/A,N/A,itaque occaecati non aspernatur velit repudiandae sit rerum esse quibusdam unde molestias explicabo dolorem vero consequatur quis et libero voluptatem totam vel sapiente autem dolorum consequuntur
N/A,N/A,aliquid molestias nemo aut est maxime laboriosam et consequatur laudantium commodi et corrupti harum quasi minima ratione sint magni sapiente ut
N/A,N/A,sapiente qui est quod debitis qui est optio consequuntur alias hic amet ut non ad qui provident quia provident aspernatur corrupti occaecati
N/A,N/A,similique harum iste ipsam non dolores facere esse et beatae error necessitatibus laboriosam fugiat culpa esse occaecati ut provident ut et dolorum nam delectus impedit aut blanditiis fugiat est unde
N/A,N/A,debitis dolore est ut eos velit accusamus non nobis ipsa nemo quas facilis quia hic officia quam et possimus voluptas voluptatem quisquam tempore delectus
N/A,N/A,consectetur maiores ab est qui aliquid porro ipsa labore incidunt iste deserunt quia aperiam quis sit perferendis et sint iste
N/A,N/A,et quibusdam saepe labore delectus et earum quis perferendis laborum soluta veritatis ea veritatis quidem accusantium est aut porro rerum quia est consequatur voluptatem numquam laudantium repellendus
N/A,N/A,non et voluptas eaque atque esse qui molestias porro quam veniam voluptatibus minima ut velit velit ut architecto deleniti ab sint deserunt possimus quas velit et eum
N/A,N/A,magnam similique animi eos explicabo natus provident cumque sit maxime velit veritatis fuga esse dolor hic nihil nesciunt assumenda aliquid vero modi alias qui quia doloribus est
N/A,N/A,velit earum perspiciatis ea recusandae nihil consectetur ut maxime repellendus doloribus aperiam ut ex ratione quia esse magni ducimus rerum vel rerum officiis suscipit nihil qui
N/A,N/A,quos sed unde repudiandae aut porro dignissimos qui occaecati sed alias enim voluptates nesciunt sit ut adipisci est expedita quae corrupti
N/A,N/A,quas placeat repudiandae a delectus facere exercitationem consectetur facilis quas sequi est mollitia est vero hic laudantium maiores quisquam itaque aut maxime ut cumque quia doloremque voluptatem
N/A,N/A,quae eaque reprehenderit suscipit facilis ut tenetur blanditiis sint occaecati accusantium expedita sed nostrum rerum sunt nam qui placeat consequatur et
N/A,N/A,consequuntur molestiae aut distinctio illo qui est sequi reprehenderit hic accusamus et officiis reprehenderit culpa est et numquam et eius ipsa rerum velit
N/A,N/A,asperiores et minus non dolor dolorem et sint et ipsam et enim quia sequi sed beatae culpa architecto nisi minima
N/A,N/A,quos illo consectetur dolores cupiditate enim rerum dicta sequi totam aspernatur sed praesentium ipsum voluptates perspiciatis ipsa accusantium et et
N/A,N/A,error et quasi qui facilis enim eum adipisci iste ad nostrum sint corporis quam velit necessitatibus a eius doloribus optio ad qui molestiae quaerat dignissimos voluptatem culpa aliquam explicabo commodi natus
N/A,N/A,dolores tempora totam quas maxime voluptatem voluptas excepturi recusandae quis odio exercitationem in consectetur sed aut excepturi eligendi sint consectetur repellendus aperiam
N/A,N/A,nihil ratione aliquam recusandae ipsa sunt doloribus labore molestiae officia cum aliquid repudiandae et error inventore minima optio repellat aut ea et maxime alias voluptas eius
N/A,N/A,corporis perferendis dolorum error quo rerum aut odio veritatis sit deleniti aut eligendi quam doloremque aut ipsam sint doloribus id voluptatem esse reprehenderit molestiae quia voluptatem incidunt illo beatae nihil corporis eligendi iure quo
N/A,N/A,natus atque ipsum voluptatem et necessitatibus atque quia asperiores animi odit ratione quos est repellendus sit aut repudiandae animi aut cum blanditiis repudiandae saepe laborum
N/A,N/A,perferendis fugit expedita cumque exercitationem animi fugit aut earum nihil quia illum eum dicta ut quam commodi optio
N/A,N/A,eius voluptatem minus et aliquid perspiciatis sint unde ut similique odio ullam vitae quisquam hic ex consequatur aliquid ab nihil explicabo sint maiores aut et dolores nostrum
N/A,N/A,ea consequatur placeat quo omnis illum voluptatem voluptatem fugit aut dolorum recusandae ut et tenetur officia voluptas
N/A,N/A,perspiciatis omnis eum nihil et porro facilis fuga qui deleniti id et velit adipisci fuga voluptatibus voluptatum debitis tempore dolorem atque consequatur ea perspiciatis sed qui temporibus doloremque
N/A,N/A,rem ut sed non cumque corrupti vel nam rerum autem nobis dolorem necessitatibus fugit corporis quos sint distinctio ex et animi tempore
N/A,N/A,est accusamus facere reprehenderit corporis ad et est fugit iure nulla et doloribus reiciendis quasi autem voluptas ipsam labore et pariatur quia
N/A,N/A,doloremque accusantium necessitatibus architecto ut provident quaerat iusto eius omnis fuga laborum harum totam sunt velit aut neque corporis atque
N/A,N/A,voluptatem perspiciatis voluptatum quaerat odit voluptates iure quisquam magnam voluptates ut non qui aliquam aut ut amet sit consequatur ut suscipit
N/A,N/A,est sed illo omnis delectus aut laboriosam possimus incidunt est sunt at nemo voluptas ex ipsam voluptatibus inventore velit sit et numquam omnis accusamus in
N/A,N/A,occaecati tempora unde maiores aliquid in quo libero sint quidem at est facilis ipsa facere nostrum atque harum
N/A,N/A,pariatur veniam repellat quisquam tempore autem et voluptatem itaque ea impedit ex molestiae placeat hic harum mollitia dolorem inventore accusantium aut quae quia rerum autem numquam nulla culpa quasi dolor
N/A,N/A,nisi dicta numquam dolor rerum sed quaerat et sed sequi doloribus libero quos temporibus blanditiis optio est tempore qui
N/A,N/A,eos officiis omnis ab laborum nulla saepe exercitationem recusandae voluptate minima voluptatem sint sunt est consequuntur dolor voluptatem odit maxime similique deserunt et quod
N/A,N/A,fugiat dicta quasi voluptatibus ea aut est aspernatur sed corrupti harum non omnis eos eaque quos ut quia et et nisi rerum voluptates possimus quis recusandae aperiam quia esse
N/A,N/A,ut est veritatis animi quos nam sed dolor itaque omnis nostrum autem molestiae aut optio tempora ad sapiente quae voluptatem perferendis repellat
N/A,N/A,voluptatem est aspernatur consequatur vel facere ut omnis tenetur non ea eos quibusdam error odio atque consectetur voluptatem eligendi
N/A,N/A,quasi dolorem veniam dignissimos atque voluptas iure et quidem fugit velit et quod magnam illum quia et ea est modi aut quis dolores
N/A,N/A,eos exercitationem est ut voluptas accusamus qui velit rerum ut dolorem eaque omnis eligendi mollitia atque ea architecto dolorum delectus accusamus
N/A,N/A,molestiae accusantium a tempore occaecati qui sunt optio eos exercitationem quas eius voluptatem omnis quibusdam autem molestiae odio dolor quam laboriosam mollitia in quibusdam sunt
N/A,N/A,voluptatem omnis pariatur aut saepe enim qui aut illo aut sed aperiam expedita debitis tempore animi dolorem ut libero et eos unde ex
N/A,N/A,dolorem fugit quidem animi quas quisquam reprehenderit occaecati et dolor laborum nemo sed quas unde deleniti facere eligendi placeat aliquid aspernatur commodi sunt impedit neque corrupti alias molestiae magni tempora
N/A,N/A,dolore maxime saepe dolor asperiores cupiditate nisi nesciunt vitae tempora ducimus vel eos perferendis fuga sequi numquam blanditiis sit sed inventore et ut possimus soluta voluptas nihil aliquid sed earum
N/A,N/A,fuga aut est delectus earum optio impedit qui excepturi iusto consequatur deserunt soluta sunt et autem neque dolor ut saepe dolores assumenda ipsa eligendi
N/A,N/A,sit nesciunt id vitae ut itaque sapiente neque in at consequuntur perspiciatis dicta consequatur velit facilis iste ut error sed in sequi expedita autem
N/A,N/A,minus ab quis nihil quia suscipit vel perspiciatis sunt unde aut ullam quo laudantium deleniti modi rerum illo error occaecati vel officiis facere
N/A,N/A,repellendus quae labore sunt ut praesentium fuga reiciendis quis corporis aut quis dolor facere earum exercitationem enim sunt nihil asperiores expedita eius nesciunt a sit sit
N/A,N/A,ab veritatis aspernatur molestiae explicabo ea saepe molestias sequi beatae aut perferendis quaerat aut omnis illo fugiat quisquam hic doloribus maiores itaque voluptas amet dolorem blanditiis
N/A,N/A,sit tenetur aut eum quasi reiciendis dignissimos non nulla repellendus ut quisquam numquam provident et repellendus eum nihil blanditiis beatae iusto sed eius sit sed doloremque exercitationem nihil
N/A,N/A,officiis ipsa exercitationem impedit dolorem repellat adipisci qui atque illum sapiente omnis et nihil esse et eum facilis aut impedit maxime ullam et dolorem
N/A,N/A,impedit qui nemo reprehenderit sequi praesentium ullam veniam quaerat optio qui error aperiam qui quisquam dolor est blanditiis molestias rerum et quae quam eum odit ab quia est ut
N/A,N/A,quae quis qui ab rerum non hic consequatur earum facilis atque quas dolore fuga ipsam nihil velit quis rerum sit nam est nulla nihil qui excepturi et
N/A,N/A,officia provident libero explicabo tempora velit eligendi mollitia similique rerum sit aut consequatur ullam tenetur qui est vero rerum est et explicabo sit sunt ea exercitationem molestiae
N/A,N/A,ipsa id eum dolorum et officiis saepe eos voluptatem nesciunt quos voluptas temporibus dolores ad rerum non voluptatem aut fugit
N/A,N/A,corporis quo magnam sunt rerum enim vel repudiandae suscipit corrupti ut ab qui debitis quidem adipisci distinctio voluptatibus vitae molestias incidunt laboriosam quia quidem facilis quia architecto libero illum ut dicta
N/A,N/A,sunt cupiditate commodi est pariatur incidunt quis suscipit saepe magnam amet enim quod quis neque et modi rerum asperiores consequatur reprehenderit maiores
N/A,N/A,repudiandae dolores nam quas et incidunt odio dicta eum vero dolor quidem dolorem quisquam cumque molestiae neque maxime rerum deserunt nam sequi
N/A,N/A,consequatur qui doloribus et rerum debitis cum dolorem voluptate qui fuga necessitatibus quod temporibus non voluptates aut saepe molestiae
N/A,N/A,quam iste aut molestiae nesciunt modi atque quo laudantium vel tempora quam tenetur neque aut et ipsum eum nostrum enim laboriosam officia eligendi laboriosam libero ullam sit nulla voluptate in
N/A,N/A,distinctio placeat nisi repellat animi sed praesentium voluptatem placeat eos blanditiis deleniti natus eveniet dolorum quia tempore pariatur illum dolor aspernatur ratione tenetur autem ipsum fugit
N/A,N/A,occaecati quia ipsa id fugit sunt velit iure adipisci ullam inventore quidem dolorem adipisci optio quia et quis explicabo omnis ipsa quo ut voluptatem aliquam inventore minima aut tempore excepturi similique
N/A,N/A,nihil consequatur dolorem voluptatem non molestiae odit eum animi ipsum omnis ut quasi voluptas sed et et qui est aut
N/A,N/A,ea necessitatibus eum nesciunt corporis minus in quisquam iste recusandae qui nobis deleniti asperiores non laboriosam sunt molestiae dolore distinctio qui officiis tempora dolorem ea
N/A,N/A,id molestiae doloribus omnis atque eius sunt aperiam tenetur quia natus nihil sunt veritatis recusandae quia corporis quam omnis veniam voluptas amet quidem illo deleniti
N/A,N/A,explicabo dicta quas cum quis rerum dignissimos et magnam sit mollitia est dolor voluptas sed ipsum et tenetur recusandae quod facilis nulla amet deserunt
N/A,N/A,ipsam eum ea distinctio ducimus saepe eos quaerat molestiae corporis aut officia qui ut perferendis itaque possimus incidunt aut quis
N/A,N/A,qui vero recusandae porro esse sint doloribus impedit voluptatem commodi asperiores laudantium ut dolores praesentium distinctio magnam voluptatum aut
N/A,N/A,perspiciatis vero nulla aut consequatur fuga earum aut nemo suscipit totam vitae qui at omnis aut incidunt optio dolorem voluptatem vel assumenda vero id explicabo deleniti sit corrupti sit
N/A,N/A,consequatur ut aut placeat harum quia perspiciatis unde doloribus quae non ut modi ad unde ducimus omnis nobis voluptatem atque magnam reiciendis dolorem et qui explicabo
N/A,N/A,molestiae minima aut rerum nesciunt vitae iusto consequatur architecto assumenda dolorum non doloremque tempora possimus qui mollitia omnis vitae odit sed
N/A,N/A,nulla corrupti delectus est cupiditate explicabo facere sapiente quo id quis illo culpa ut aut sit error magni atque asperiores soluta aut cumque voluptatem occaecati omnis aliquid
N/A,N/A,dolores tenetur rerum et aliquam culpa officiis ea rem neque modi quaerat deserunt molestias minus nesciunt iusto impedit enim laborum perferendis velit minima itaque voluptatem fugiat
N/A,N/A,maxime incidunt velit quam vel fugit nostrum veritatis et ipsam nisi voluptatem voluptas cumque tempora velit et et quisquam error maiores fugit qui dolor sit doloribus
N/A,N/A,voluptas iste deleniti est itaque vel ea incidunt quia voluptates sapiente repellat aut consectetur vel neque tempora esse similique sed a qui nobis voluptate hic eligendi doloribus molestiae et
N/A,N/A,et dolor error doloremque odio quo sunt quod est ipsam assumenda in veniam illum rerum deleniti expedita voluptate hic nostrum sed dolor et qui
N/A,N/A,et voluptatibus est et aperiam quaerat voluptate eius quo nihil voluptas doloribus et ea tempore labore non dolorem optio consequatur est id quia magni voluptas enim
N/A,N/A,hic et et aspernatur voluptates voluptas ut ut id excepturi eligendi aspernatur nulla dicta ab suscipit quis distinctio nihil temporibus unde quasi expedita et inventore consequatur rerum ab
N/A,N/A,similique autem voluptatem ab et et odio animi repellendus libero voluptas voluptas quia libero facere saepe nobis consequatur et qui non hic ea maxime nihil
N/A,N/A,est ut aut ut omnis distinctio illum quisquam pariatur qui aspernatur vitae dolor explicabo architecto veritatis ipsa et aut est molestiae ducimus et sapiente error sed omnis
N/A,N/A,maiores totam quo atque explicabo perferendis iste facilis odio ab eius consequatur sit praesentium ea vitae optio minus voluptate necessitatibus omnis itaque omnis qui
N/A,N/A,dicta dolorem veniam ipsa harum minus sequi omnis quia voluptatem autem est optio doloribus repellendus id commodi quas exercitationem eum et eum dignissimos accusamus est eaque doloremque
N/A,N/A,est aut consequatur error illo ut enim nihil fuga suscipit inventore officiis iure earum pariatur temporibus in aperiam qui quod vel necessitatibus velit eos exercitationem culpa
N/A,N/A,iure ea ea neque est esse ab sed hic et ullam sed sequi a non hic tenetur sunt enim ea laudantium ea natus
N/A,N/A,quis beatae qui sequi dicta quas et dolor non enim aspernatur excepturi aut rerum asperiores aliquid animi nulla ea tempore esse
N/A,N/A,ea alias eos et corrupti voluptatem ab incidunt voluptatibus voluptas ea nesciunt totam corporis dolor recusandae voluptas harum
N/A,N/A,iusto nihil quae rerum laborum recusandae voluptatem et necessitatibus ut deserunt cumque qui qui non et et eos adipisci cupiditate dolor sed voluptates maiores commodi eveniet consequuntur
N/A,N/A,omnis et fugit eos sint saepe ipsam unde est dolores sit sit assumenda laboriosam dolor deleniti voluptatem id nesciunt et placeat dolorem cumque laboriosam sunt non
N/A,N/A,quas non magnam quia veritatis assumenda reiciendis similique dolores est ab praesentium fuga ut
N/A,N/A,consectetur illo corporis sit labore optio quod qui occaecati aut sequi quia officiis quia aut odio quo ad rerum tenetur aut quasi veniam
N/A,N/A,perferendis dignissimos soluta ut provident sit et delectus ratione ad sapiente qui excepturi error qui quo quo illo commodi rerum maxime voluptas voluptatem
N/A,N/A,dicta impedit non et laborum laudantium qui eaque et beatae suscipit sequi magnam rem dolorem non quia vel adipisci corrupti officiis laudantium impedit
N/A,N/A,eaque rerum tempore distinctio consequatur fugiat veniam et incidunt ut ut et consequatur blanditiis magnam doloremque voluptate ut architecto facere in dolorem et aut
N/A,N/A,quo nisi impedit velit repellendus esse itaque ut saepe voluptatibus occaecati ab eaque dolores maxime alias velit ducimus placeat sit laudantium quia corrupti doloremque ut
N/A,N/A,dolorem eius voluptatem vitae aliquid unde labore est molestiae labore dolorem beatae voluptatem soluta eum eos dolore et ea quasi aut doloribus sint vel suscipit tempora delectus soluta
N/A,N/A,nemo aut laborum expedita nisi sed illum ab asperiores provident a sunt recusandae ut rerum itaque est voluptatibus nihil esse ipsum et repellendus nobis rerum voluptas et
N/A,N/A,delectus est consequatur at excepturi asperiores dolor nesciunt ad id non aut ad ut non et voluptatem
N/A,N/A,vel cumque labore vitae quisquam magnam sequi ut molestiae dolores vel minus aut quas repellat nostrum fugit molestiae veritatis sequi vel quidem in molestiae id doloribus sed
N/A,N/A,fugiat dolore voluptas tempore aspernatur quibusdam rem iste sit fugiat nesciunt consequatur dolor sed odit similique minima corporis quae in adipisci impedit dolores et cupiditate accusantium perferendis dignissimos error
N/A,N/A,et eos est quis quia molestiae est quasi est quos omnis aut et sit consectetur ex molestiae est sed accusamus asperiores
N/A,N/A,unde ad id nemo ipsam dolorem autem quaerat perspiciatis voluptas corrupti laborum rerum est architecto eius quos aut et voluptate voluptatem atque necessitatibus voluptate fugiat aut iusto et atque
N/A,N/A,et explicabo voluptatem ut est nihil culpa et veritatis repellendus ipsum velit qui eligendi maxime voluptatem est dicta rerum et et nemo quia eveniet aspernatur nostrum molestiae mollitia ut dolores rem fugiat
N/A,N/A,sit et aut recusandae corrupti nisi vero eius nulla voluptates voluptatem placeat est commodi impedit odio omnis similique debitis et in molestiae omnis sed non magni
N/A,N/A,cum ad porro fuga sequi dolores ipsa error magni itaque labore accusamus corporis odit consequatur quis debitis cum et voluptas facilis incidunt ut itaque dolores error
N/A,N/A,excepturi omnis occaecati officiis enim saepe id non quo et dignissimos voluptates ipsum molestias facere dolorem qui iure similique corrupti neque ducimus sit alias dolor earum autem doloribus consequatur
N/A,N/A,est magni totam est et enim nam voluptas veritatis est sint doloremque incidunt et cum a et eligendi nobis ratione delectus
N/A,N/A,architecto quo enim ad et reprehenderit laboriosam quia commodi officia iusto dolorem totam consequuntur cupiditate veritatis voluptates aspernatur earum saepe et sed consequatur
N/A,N/A,modi sed aut quidem quisquam optio est aut facilis sit quia quis facere quod fugiat recusandae ex et quisquam ipsum sed sit exercitationem quia recusandae dolorem quasi iusto ipsa qui et
N/A,N/A,explicabo perspiciatis quae sit qui nulla incidunt facilis repudiandae perspiciatis voluptate expedita sunt consectetur quasi id occaecati nesciunt dolorem aliquid perspiciatis repellat inventore esse ut possimus exercitationem facere modi
N/A,N/A,nostrum modi et et dolores maxime facere alias doloribus eaque expedita et similique voluptatum magnam est omnis eos voluptatem et unde fugit voluptatem asperiores
N/A,N/A,est dolor eveniet est minus eveniet recusandae iure quo aut eos ut sed ipsa harum earum aut nesciunt non dolores
N/A,N/A,qui fugit accusamus et quo minus cumque hic adipisci odio blanditiis omnis et est architecto et facilis inventore quasi provident quaerat ex rem
N/A,N/A,beatae hic est et deserunt eius corrupti quam ut commodi sit modi est corporis animi harum ut est aperiam non fugit excepturi quo tenetur totam
N/A,N/A,est dicta totam architecto et minus id aut non ut et fugit eaque culpa modi repellendus aliquid qui veritatis doloribus aut consequatur voluptas sequi accusantium voluptas occaecati saepe reprehenderit ut
N/A,N/A,aut illum est asperiores rerum laboriosam quis sit dolores magni minima fuga atque omnis at et quibusdam earum rem earum distinctio autem et enim dolore eos
N/A,N/A,iure aliquid qui sit excepturi dolorem rerum possimus suscipit atque nisi labore ut aut nihil voluptatum ut aliquid praesentium assumenda tempore dolor velit ratione et corrupti
N/A,N/A,eligendi et consequuntur dolor nihil quaerat doloremque ut dignissimos sunt veniam non ratione esse debitis omnis similique maxime dolores tempora laborum rerum adipisci reiciendis explicabo error quidem quo necessitatibus voluptatibus vitae ipsum
N/A,N/A,non ea sed reprehenderit reiciendis eaque et neque adipisci ipsa architecto deserunt ratione nesciunt tempore similique occaecati non hic vitae sit neque rerum quod dolorem ratione esse aperiam necessitatibus
N/A,N/A,sint qui aut aspernatur necessitatibus laboriosam autem occaecati nostrum non officiis consequuntur odit et itaque quam placeat aut molestiae saepe veniam provident
N/A,N/A,sint fugit et id et saepe non molestiae sit earum doloremque dolorem nemo earum dignissimos ipsa soluta deleniti quos quis numquam ducimus sed corporis dolores sed quisquam suscipit
N/A,N/A,est molestiae non fugiat voluptatem quo porro aut praesentium ipsam aspernatur perferendis fuga officia sit ut aspernatur rerum est
N/A,N/A,laboriosam quia animi ut quasi aut enim sequi numquam similique fugiat voluptatum non sed velit quod nisi id quidem magni in eveniet hic
N/A,N/A,voluptatum quis ipsa voluptatem saepe est illum error repellat eaque dolor quae qui eum rerum sunt quam illo voluptates fuga possimus nemo nihil distinctio
N/A,N/A,consequatur possimus sit itaque distinctio fugit aut quod explicabo exercitationem voluptas labore rerum porro ut in voluptas maiores tempora accusantium voluptatum et sapiente sit quas quis et veniam
N/A,N/A,eaque eius delectus molestias suscipit nulla quisquam totam vel quos et autem sed eligendi et pariatur earum molestias magnam autem placeat culpa est et qui commodi illo et
N/A,N/A,qui quaerat id repellendus aut qui maiores quidem consequatur dignissimos deleniti deserunt eveniet libero a repellat ducimus quia aut dignissimos numquam molestiae consequatur sit impedit nostrum et sunt iure
N/A,N/A,blanditiis dolor sint nulla cum quidem aliquid voluptatem perferendis dolor consequatur voluptas et ut quisquam tempora tenetur maxime minus animi qui id eum accusantium et optio et blanditiis maxime
N/A,N/A,sit fugiat est autem quia ipsam error ab voluptatem sed ab labore molestiae qui debitis exercitationem non et sunt officia illo possimus iste tenetur est dolores voluptas ad aspernatur nihil
N/A,N/A,et dicta dolores sit repudiandae id harum temporibus voluptas quia blanditiis numquam a enim quae quisquam assumenda nam doloribus vel temporibus distinctio eveniet dolores
N/A,N/A,qui recusandae veniam sed voluptatem ullam facilis consequatur numquam ut quod aut et non alias ex quam aut quasi ipsum praesentium ut aspernatur sit
N/A,N/A,facilis et totam voluptatibus est optio cum facilis qui aut blanditiis rerum voluptatem accusamus et omnis quasi sint
N/A,N/A,dolore nihil perferendis dolor hic repudiandae iste doloribus labore quaerat et molestiae dolores sit excepturi sint et eum et aut
N/A,N/A,dolor ratione ab repellendus aut quia reiciendis sed est alias ex odio voluptatem velit odit tempora nihil optio aperiam blanditiis labore porro id velit dolor veritatis
N/A,N/A,aut repellat tenetur delectus eaque est nihil consequatur quae deleniti assumenda voluptates sit sit cupiditate maiores autem suscipit sint tenetur dolor tempore dolorem dolorum alias adipisci
N/A,N/A,aut aut ea ut repudiandae ea assumenda laboriosam sunt qui laboriosam dicta omnis sit corporis voluptas eos amet quam quisquam officiis facilis laborum voluptatibus accusantium ab aliquid sed id doloremque
N/A,N/A,et quia explicabo ut hic commodi quas provident aliquam nihil vitae in voluptatem commodi vero velit optio omnis accusamus corrupti voluptatem
N/A,N/A,voluptatem quisquam pariatur voluptatum qui quaerat et minus ea aliquam ullam dolorem consequatur ratione at ad nemo aperiam excepturi deleniti qui numquam quis hic nostrum tempora quidem
N/A,N/A,esse vel reiciendis nobis inventore vero est fugit inventore ea quo consequatur aut autem deserunt ratione et repellendus nihil quam quidem iure est nihil mollitia
N/A,N/A,perferendis veritatis saepe voluptatem eum voluptas quis sed occaecati nostrum fugit animi omnis ratione molestias
N/A,N/A,ut nisi sunt perspiciatis qui doloribus quas velit molestiae atque corrupti corporis voluptatem vel ratione aperiam tempore est eos quia a voluptas
N/A,N/A,libero atque accusamus blanditiis minima eveniet corporis est aliquid dolores asperiores neque quibusdam quaerat error esse non qui et adipisci magni illo hic qui qui dignissimos earum
N/A,N/A,corrupti ut et eveniet culpa veritatis eos sequi fugiat commodi consequuntur ipsa totam voluptatem perferendis ducimus aut exercitationem magni eos mollitia quia
N/A,N/A,natus iure velit impedit sed officiis sint molestiae non beatae illo consequatur minima sed ratione est tenetur
N/A,N/A,sit delectus recusandae qui et cupiditate sed ipsum culpa et fugiat ab illo dignissimos quo est repellat dolorum neque voluptates sed sapiente ab aut rerum enim sint voluptatum
N/A,N/A,et nisi fugit totam maiores voluptatibus quis ipsa sunt debitis assumenda ullam non quasi numquam ut dolores modi recusandae ut molestias magni est voluptas quibusdam corporis eius
N/A,N/A,et a et perspiciatis autem expedita maiores dignissimos labore minus molestiae enim et ipsam ea et perspiciatis veritatis debitis maxime
N/A,N/A,modi est et eveniet facilis explicabo voluptatem saepe quo et sint quas quia corporis pariatur voluptatibus est iste fugiat delectus animi rerum doloribus est enim
N/A,N/A,aut aut sit cupiditate maxime praesentium occaecati cumque vero sint sit aliquam porro quo consequuntur ut numquam qui maxime voluptas est consequatur ullam tenetur commodi qui consectetur distinctio eligendi atque
N/A,N/A,dicta in quam tenetur sed molestiae a sit est aut quia autem aut nam voluptatem reiciendis corporis voluptatem sapiente est id quia explicabo enim tempora asperiores
N/A,N/A,totam ad quia non vero dolor laudantium sed temporibus quia aperiam corrupti sint accusantium eligendi aliquam rerum voluptatem delectus numquam nihil soluta qui sequi nisi voluptatum eaque voluptas animi ipsam
N/A,N/A,suscipit quidem fugiat consequatur quo sequi nesciunt aliquam ratione possimus voluptatem sit quia repellendus libero excepturi ut temporibus
N/A,N/A,provident illo quis dolor distinctio laborum eius enim suscipit quia error enim eos consequuntur est incidunt adipisci beatae tenetur excepturi in labore commodi fugiat omnis in et at nam accusamus et
N/A,N/A,in consequatur corporis qui a et magni eum illum corrupti veniam debitis ab iure harum enim ut assumenda cum adipisci veritatis et veniam rem eius expedita quos corrupti incidunt
N/A,N/A,nam voluptatem ex aut voluptatem mollitia sit sapiente qui hic ut qui natus in iste et magnam dolores et fugit ea sint ut minima quas eum nobis at reprehenderit
N/A,N/A,veniam non culpa aut voluptas rem eum officiis mollitia placeat eos cum consequatur eos commodi dolorem animi maiores qui
N/A,N/A,consequatur harum est omnis qui recusandae qui voluptatem et distinctio sint eaque dolores quo dolorem asperiores aperiam non quis asperiores aut praesentium
N/A,N/A,molestias debitis magni illo sint officiis ut quia sed tenetur dolorem soluta voluptatem fugiat voluptas molestiae magnam fuga similique enim illum voluptas aspernatur officia
N/A,N/A,iure vitae accusamus tenetur autem ipsa deleniti sunt laudantium ut beatae repellendus non eos ut consequuntur repudiandae ducimus enim reiciendis rem explicabo magni dolore
N/A,N/A,enim velit consequatur excepturi corporis voluptatem nostrum nesciunt alias perspiciatis corporis neque at eius porro sapiente ratione maiores natus facere molestiae vel explicabo voluptas unde
N/A,N/A,et vitae consectetur ut voluptatem et et eveniet sit incidunt tenetur voluptatem provident occaecati exercitationem neque placeat
N/A,N/A,animi est eveniet officiis qui aperiam dolore occaecati enim aut reiciendis animi ad sint labore blanditiis adipisci voluptatibus eius error omnis rerum facere architecto occaecati rerum
N/A,N/A,cum neque recusandae occaecati aliquam reprehenderit ullam saepe veniam quasi ea provident tenetur architecto ad cupiditate molestiae mollitia molestias debitis eveniet doloremque voluptatem aut dolore consequatur nihil facere et
N/A,N/A,voluptas cum eum minima rem dolorem et nemo repellendus voluptatem sit repudiandae nulla qui recusandae nobis blanditiis perspiciatis dolor ipsam reprehenderit odio
N/A,N/A,voluptate libero corrupti facere totam eaque consequatur nemo enim aliquid exercitationem nulla dignissimos illo est amet non iure amet sed dolore non ipsam magni
N/A,N/A,ducimus ut ut fugiat nesciunt labore deleniti non et aut voluptatum quidem consectetur incidunt voluptas accusantium quo fuga eaque quisquam et et sapiente aut
N/A,N/A,rerum laborum voluptas ipsa enim praesentium quisquam aliquid perspiciatis eveniet id est est facilis atque aut facere provident reiciendis libero atque est
N/A,N/A,ducimus hic ea velit dolorum soluta voluptas similique rerum dolorum sint maxime et vel voluptatum nesciunt et id consequatur earum sed
N/A,N/A,labore necessitatibus et eum quas id ut doloribus aspernatur nostrum sapiente quo aut quia eos rerum voluptatem numquam minima soluta velit recusandae ut
N/A,N/A,reiciendis consequatur sunt atque quisquam ut sed iure consequatur laboriosam dicta odio quas cumque iure blanditiis ad sed ullam dignissimos sunt et exercitationem saepe
N/A,N/A,in laborum et distinctio nobis maxime maxime id commodi eaque enim amet qui autem debitis et porro eum dicta sapiente iusto nulla sunt voluptate excepturi sint dolorem voluptatem quae explicabo id
N/A,N/A,excepturi quos omnis aliquam voluptatem iste sit unde ab quam ipsa delectus culpa rerum cum delectus impedit ut qui modi asperiores qui sapiente quia facilis in iure
N/A,N/A,ab voluptatem nobis unde doloribus aut fugiat consequuntur laboriosam minima inventore sint quis delectus hic et enim sit optio consequuntur
N/A,N/A,debitis ut maiores ut harum sed voluptas quae amet eligendi quo quidem odit atque quisquam animi ut autem est corporis et sed tempora facere corrupti magnam
N/A,N/A,voluptas minus fugiat vel est quos soluta et veniam quia incidunt unde ut laborum odio in eligendi distinctio odit repellat nesciunt consequatur blanditiis cupiditate consequatur at et
N/A,N/A,quam et et harum placeat minus neque quae magni inventore saepe deleniti quisquam suscipit dolorum error aliquid dolores dignissimos dolorem autem natus iste molestiae est id impedit
N/A,N/A,voluptatem minus asperiores quasi perspiciatis et aut blanditiis illo deserunt molestiae ab aperiam ex minima sed omnis at et repellat aut incidunt
N/A,N/A,ex eum at culpa quam aliquam cupiditate et id dolorem sint quasi et quos et omnis et qui minus est quisquam non qui rerum quas molestiae tempore veniam
N/A,N/A,reprehenderit molestias sit nemo quas culpa dolorem exercitationem eos est voluptatem dolores est fugiat dolorem eos aut quia et amet et beatae harum vitae officia quia animi dicta magnam accusantium
N/A,N/A,sit non facilis commodi sapiente officiis aut facere libero sed voluptatum eligendi veniam velit explicabo sint laborum sunt reprehenderit dolore id nobis accusamus fugit voluptatem magni dolor qui dolores ipsa
N/A,N/A,suscipit ab qui eos et commodi quas ad maiores repellat laboriosam voluptatem exercitationem quibusdam ullam ratione nulla quia iste error dolorem consequatur beatae temporibus fugit
N/A,N/A,voluptas aspernatur eveniet quod id numquam dolores quia perspiciatis eum et delectus quia occaecati adipisci nihil velit accusamus esse minus aspernatur repudiandae
N/A,N/A,cupiditate laborum sit reprehenderit ratione est ad corporis rem pariatur enim et omnis dicta nobis molestias quo corporis et nihil sed et impedit aut quisquam natus expedita voluptate at
N/A,N/A,ut nam ut asperiores quis exercitationem aspernatur eligendi autem repellendus est repudiandae quisquam rerum ad explicabo suscipit deserunt eius alias aliquid eos pariatur rerum magnam provident iusto
N/A,N/A,illum qui quis optio quasi eius dolores et non numquam et qui necessitatibus itaque magnam mollitia earum et nisi voluptate eum accusamus ea
N/A,N/A,velit ut incidunt accusantium suscipit animi officia iusto nemo omnis sunt nobis repellendus corporis consequatur distinctio dolorem
N/A,N/A,reiciendis et distinctio qui totam non aperiam voluptas veniam in dolorem pariatur itaque voluptas adipisci velit qui voluptates voluptas ut ullam veritatis repudiandae
N/A,N/A,eligendi labore aut non modi vel facere qui accusamus qui maxime aperiam totam et non ut repudiandae eum corrupti pariatur quia necessitatibus et adipisci ipsa consequuntur enim et nihil vero
N/A,N/A,est consequuntur cumque quo dolorem at ut dolores consequatur quia voluptates reiciendis vel rerum id et
N/A,N/A,cum fugit earum vel et nulla et voluptatem et ipsam aut et nihil officia nemo eveniet accusamus nulla aut impedit veritatis praesentium
N/A,N/A,rerum omnis voluptatem harum aliquid voluptas accusamus eius dicta animi odio non quidem voluptas tenetur nostrum deserunt laudantium culpa dolorum
N/A,N/A,odio maxime beatae ab labore rerum alias ipsa nam est nostrum et debitis aut ab molestias assumenda eaque repudiandae
N/A,N/A,dolor at accusantium eveniet in voluptatem quam et fugiat et quasi dolores sunt eligendi voluptatum id voluptas vitae quibusdam iure eum perspiciatis
N/A,N/A,et provident quo necessitatibus harum excepturi sed est ut sed est doloremque labore quod quia optio explicabo adipisci magnam doloribus veritatis illo aut est inventore
N/A,N/A,dolor veritatis ipsum accusamus quae voluptates sint voluptatum et harum saepe dolorem enim expedita placeat qui quidem aut et et est minus odit qui possimus qui saepe
N/A,N/A,ratione sequi sed earum nam aut sunt quam cum qui similique consequatur et est
N/A,N/A,quidem nisi reprehenderit eligendi fugiat et et sapiente adipisci natus nulla similique et est esse ea accusantium sunt deleniti molestiae perferendis quam animi similique ut
N/A,N/A,consequatur accusamus maiores dolorem impedit repellendus voluptas rerum eum quam quia error voluptatem et dignissimos fugit qui et facilis necessitatibus dignissimos consequatur iusto nihil possimus
N/A,N/A,animi qui nostrum rerum velit voluptates sit in laborum dolorum omnis ut omnis ea optio quia necessitatibus delectus molestias sapiente perferendis dolores vel excepturi expedita
N/A,N/A,sunt ipsam illum consequuntur quasi enim possimus unde qui beatae quo eligendi vel quia asperiores est quae voluptate aperiam et iste perspiciatis
N/A,N/A,incidunt itaque enim pariatur quibusdam voluptatibus blanditiis sint error laborum voluptas sed officiis molestiae nostrum temporibus culpa aliquam sit consectetur dolores tempore id accusantium dignissimos vel
N/A,N/A,eos hic deserunt necessitatibus sed id ut esse nam hic eveniet vitae corrupti mollitia doloremque sit ratione deleniti perspiciatis numquam est sapiente quaerat est est sit
N/A,N/A,veniam natus aut vero et aliquam doloremque alias cupiditate non est tempore et non vel error placeat est quisquam ea non dolore aliquid non fuga expedita dicta ut quos
N/A,N/A,qui qui deserunt expedita at provident sequi veritatis sit qui nam tempora mollitia ratione corporis vitae rerum pariatur unde deleniti ut eos ad aut non quae nisi saepe
N/A,N/A,eos quidem temporibus eum est ipsa sunt illum a facere omnis suscipit dolorem voluptatem incidunt tenetur deleniti aspernatur at quis
N/A,N/A,adipisci et accusantium hic deserunt voluptates consequatur omnis quod dolorem voluptatibus quis velit laboriosam mollitia illo et iure aliquam dolorem nesciunt laborum aperiam labore repellat et maxime itaque
N/A,N/A,voluptate officiis nihil laudantium sint autem adipisci aspernatur voluptas debitis nam omnis ut non eligendi aliquam vel commodi velit officiis laboriosam corporis quas aliquid aperiam autem
N/A,N/A,consequatur aliquam illum quis facere vel voluptatem rem sint atque in nam autem impedit dolores enim soluta rem adipisci odit sint voluptas aliquam
N/A,N/A,ex corrupti ut pariatur voluptas illo labore non voluptates voluptas sint et est impedit cum in fugiat cumque eum id rerum error ut rerum voluptates facilis molestiae et labore voluptatem corrupti
N/A,N/A,aut dignissimos eos facere velit totam eaque aut voluptas ex similique ut ipsa est voluptates ut tempora quis commodi officia et consequatur cumque delectus
N/A,N/A,deleniti fuga hic autem sed rerum non voluptate sit totam consequuntur illo quasi quod aut ducimus dolore distinctio molestias non velit quis debitis cumque voluptas
N/A,N/A,facilis repellendus inventore aperiam corrupti saepe culpa velit dolores sint ut aut quis voluptates iure et a neque harum quia similique sunt eum voluptatem a
N/A,N/A,dolor unde numquam distinctio ducimus eum hic rerum non expedita dolores et dignissimos rerum perspiciatis et porro est minus
N/A,N/A,molestias incidunt eaque numquam reprehenderit rerum ut ex ad omnis porro maiores quaerat harum nihil non quasi ea asperiores quisquam sunt fugiat eos natus iure adipisci
N/A,N/A,quia non dolor corporis consectetur velit eos quis incidunt ut eos nesciunt repellendus voluptas voluptate sint neque doloribus est minima autem quis velit illo ea neque
N/A,N/A,et necessitatibus earum qui velit id explicabo harum optio dolor dolores reprehenderit in a itaque odit esse et et id possimus est ut consequuntur velit autem iure ut
N/A,N/A,quod corrupti eum quisquam rerum accusantium tempora reprehenderit qui voluptate et sunt optio et iusto nihil amet omnis labore cumque quo saepe omnis aut quia consectetur
N/A,N/A,tempora sint qui iste itaque non neque qui suscipit enim quas rerum totam impedit esse nulla praesentium natus explicabo doloremque atque maxime mollitia impedit dolorem occaecati officia in provident eos
N/A,N/A,ut in nostrum ut et incidunt et minus nulla perferendis libero delectus nulla nemo deleniti deleniti facere autem vero velit non molestiae assumenda
N/A,N/A,officia quas aut culpa eum eaque quia rem unde ea quae reiciendis omnis excepturi nemo est vel sequi accusantium tenetur at earum et rerum quisquam temporibus cupiditate
N/A,N/A,nulla veniam quo consequuntur ullam autem nisi error aut facere distinctio rerum quia tempore velit distinctio occaecati ducimus ratione similique doloribus
N/A,N/A,non similique illo quia et rem placeat reprehenderit voluptas velit officiis fugit blanditiis nihil ab deserunt ullam
N/A,N/A,totam explicabo harum quam impedit sunt doloremque consectetur id et minima eos incidunt quibusdam omnis saepe maiores officiis eligendi alias sint est aut cumque debitis cumque hic aut ut dolorum
N/A,N/A,tenetur qui ut architecto officiis voluptatem velit eos molestias incidunt eum dolorum distinctio quam et sequi consequatur nihil voluptates animi
N/A,N/A,dignissimos nobis vitae corporis delectus eligendi et ut ut amet laudantium neque et quia cupiditate debitis aliquid dolorem aspernatur libero aut autem quo et
N/A,N/A,aliquid natus voluptas doloremque fugiat ratione adipisci unde eum facilis enim omnis ipsum nobis nihil praesentium ut blanditiis voluptatem veniam tenetur fugit et distinctio aspernatur
N/A,N/A,quos aut rerum nihil est et dolores commodi voluptas voluptatem excepturi et et expedita dignissimos atque aut reprehenderit quis quo soluta
N/A,N/A,vel libero quo sit vitae id nesciunt ipsam non a aut enim itaque totam illum est cupiditate sit nam exercitationem magnam veniam
N/A,N/A,soluta quia porro mollitia eos accusamus voluptatem illo perferendis earum quia quo sed ipsam in omnis cum earum tempore eos voluptatem illum doloremque corporis ipsam facere
N/A,N/A,iste maxime et molestiae qui aliquam doloremque earum beatae repellat in aut eum libero eos itaque pariatur exercitationem vel quam non
N/A,N/A,sint delectus nesciunt ipsum et aliquid et libero aut suscipit et molestiae nemo pariatur sequi repudiandae ea placeat neque quas eveniet mollitia quae laboriosam
N/A,N/A,aut sunt recusandae laboriosam omnis asperiores et nulla ipsum rerum quis doloremque rerum optio mollitia provident sed iste aut id numquam repudiandae veritatis
N/A,N/A,et dolorem sit reprehenderit sapiente occaecati iusto sit impedit nobis ut quia maiores debitis pariatur nostrum et aut assumenda error qui deserunt laborum quaerat et
N/A,N/A,minus nihil sunt dolor ipsum a illum quis quasi officiis cupiditate architecto sit consequatur ut et sed quasi quam doloremque
N/A,N/A,natus commodi debitis cum ex rerum alias quis maxime fugiat fugit sapiente distinctio nostrum tempora possimus quod vero itaque enim accusantium perferendis fugit ut eum labore accusantium voluptas
N/A,N/A,iure deleniti aut consequatur necessitatibus id atque voluptas mollitia voluptates doloremque dolorem repudiandae hic enim laboriosam consequatur velit minus
N/A,N/A,est eos doloremque autem similique sint fuga atque voluptate est minus tempore quia asperiores aliquam et corporis voluptatem consequatur et eum illo aut qui molestiae et amet
N/A,N/A,est illum quia alias ipsam minus ut quod vero aut magni harum quis ab minima voluptates nemo non sint quis distinctio officia ea et maxime
N/A,N/A,pariatur occaecati ea autem at quis et dolorem similique pariatur ipsa hic et saepe itaque cumque repellendus vel et quibusdam qui aut nemo et illo qui non quod officiis aspernatur qui optio
N/A,N/A,neque unde voluptatem iure odio excepturi ipsam ad id ipsa sed expedita error quam voluptatem tempora necessitatibus suscipit culpa veniam porro iste vel
N/A,N/A,non dolor consequatur laboriosam ut deserunt autem odit libero dolore non nesciunt qui aut est consequatur quo dolorem
N/A,N/A,aliquam pariatur suscipit fugiat eos sunt optio voluptatem eveniet rerum dignissimos quia aut beatae modi consequatur qui rerum sint veritatis deserunt est
N/A,N/A,et necessitatibus tempora ipsum quaerat inventore est quasi quidem ea repudiandae laborum omnis ab reprehenderit ut ratione sit numquam culpa a rem atque aut et
N/A,N/A,perspiciatis quis doloremque veniam nisi eos velit sed id totam inventore voluptatem laborum et eveniet aut aut aut maxime quia temporibus ut omnis
